modality,err_category,n,pct,total
hand,miss,110,95.65217391304348,115
hand,timeout,5,4.3478260869565215,115
gaze,slip,1455,99.18200408997956,1467
gaze,timeout,12,0.8179959100204499,1467
