modality,ui_mode,slope,r_squared,n
gaze,adaptive,0.18862182750669673,0.2531212356971205,207
gaze,static,0.17749794334348978,0.34696559756197903,204
hand,adaptive,0.1469306326782041,0.5390612780141558,207
hand,static,0.1544327799113578,0.525145286163263,207
